{"cameraMode":{"drawMode":0,"name":"Shaded","section":"Shading Mode"},"sceneLighting":true,"audioPlay":false,"sceneViewState":{"showFog":true,"showMaterialUpdate":true,"showSkybox":true,"showFlares":true,"showImageEffects":true,"showParticleSystems":true},"in2DMode":false,"pivot":{"x":0.05761408805847168,"y":3.4716250896453859,"z":-7.999709129333496},"rotation":{"x":-0.17855337262153626,"y":-0.7826212048530579,"z":0.260490357875824,"w":-0.5364474654197693},"size":2.6236355304718019,"orthographic":false}