{"cameraMode":{"drawMode":0,"name":"Shaded","section":"Shading Mode"},"sceneLighting":true,"audioPlay":false,"sceneViewState":{"showFog":true,"showMaterialUpdate":true,"showSkybox":true,"showFlares":true,"showImageEffects":true,"showParticleSystems":true},"in2DMode":false,"pivot":{"x":2.0209999084472658,"y":2.9590001106262209,"z":-8.43799877166748},"rotation":{"x":0.34807461500167849,"y":0.49157920479774477,"z":-0.2232506424188614,"w":0.766402542591095},"size":2.8578836917877199,"orthographic":false}