{"cameraMode":{"drawMode":0,"name":"Shaded","section":"Shading Mode"},"sceneLighting":true,"audioPlay":false,"sceneViewState":{"showFog":true,"showMaterialUpdate":true,"showSkybox":true,"showFlares":true,"showImageEffects":true,"showParticleSystems":true},"in2DMode":false,"pivot":{"x":3.1123175621032717,"y":3.7767014503479006,"z":-6.45526123046875},"rotation":{"x":0.18516507744789124,"y":0.3152955174446106,"z":-0.06285747140645981,"w":0.9286389946937561},"size":3.332369327545166,"orthographic":false}